,DATE,N_SOIL,P_SOIL,K_SOIL,TEMPERATURE,HUMIDITY,ph,RAINFALL,YIELD_LVL,CROP,TDS,CO2
0,2023-01-01,117,58,166,20.12,304,4.493593270434893,152.53985064444083,,Maize,583.01,308
1,2023-01-02,25,9,154,20.06,304,9.049113583729431,279.0694128653388,,Watermelon,580.59,308
2,2023-01-03,98,82,51,20.0,304,8.077604983673215,114.6077011529408,,Pomegranate,580.59,308
3,2023-01-04,101,103,88,20.0,303,6.397758775043867,195.73915982753047,,KidneyBeans,580.59,307
4,2023-01-05,72,83,78,19.94,303,8.322144045811989,160.32480223526304,,Rice,580.59,307
5,2023-01-06,58,9,197,19.94,304,6.477494969476689,120.09861710325357,,Jute,580.59,307
6,2023-01-07,63,27,125,19.94,304,6.24351546332529,119.19606379560338,,Lentil,580.59,308
7,2023-01-08,73,128,78,19.87,304,7.8741420104848645,59.91698908029066,,Blackgram,580.59,307
8,2023-01-09,30,107,161,19.87,304,8.125182703279686,86.40864841463998,,Orange,580.59,308
9,2023-01-10,41,89,14,19.81,303,5.680003053005844,43.8744693127048,,Coffee,580.59,307
10,2023-01-11,66,12,174,19.81,304,7.987468849020263,107.57197954721686,,PigeonPeas,580.59,307
11,2023-01-12,7,34,77,19.75,304,8.744252490906785,151.20714928455243,,Orange,580.59,307
12,2023-01-13,126,75,127,19.69,303,7.430349071258913,70.88781506914677,,MothBeans,580.59,307
13,2023-01-14,2,11,47,19.62,303,4.433864841980398,193.6856001232716,,Pomegranate,580.59,307
14,2023-01-15,14,99,48,19.62,303,8.926972544317223,271.5550788453699,,Apple,580.59,307
15,2023-01-16,112,19,95,19.56,303,7.958593323431311,233.94489223131148,,Blackgram,580.59,307
16,2023-01-17,9,70,129,19.56,303,7.7810791604109815,263.1767386579746,,KidneyBeans,580.59,307
17,2023-01-18,123,89,28,19.5,303,7.541110776446099,194.5525241861269,,Rice,580.59,307
18,2023-01-19,23,100,123,19.44,303,8.719328860526163,129.75390166862778,,Blackgram,580.59,307
19,2023-01-20,100,94,152,19.44,303,9.311519180898909,257.42422470541356,,Lentil,580.59,307
20,2023-01-21,131,140,51,19.44,303,7.620183259568561,156.0050548807076,,Grapes,580.59,307
21,2023-01-22,40,72,53,19.37,304,8.76019540546474,71.94566504266572,,Mango,580.59,307
22,2023-01-23,20,133,142,19.37,303,5.434722364108519,199.86426241401296,,Muskmelon,580.59,307
23,2023-01-24,93,137,129,19.37,303,4.185043899386158,104.01408593131588,,MungBean,580.59,307
24,2023-01-25,9,101,181,19.37,303,4.001267283421004,190.63495229942563,,Muskmelon,580.59,307
25,2023-01-26,138,7,122,19.31,303,8.801180752672893,62.24628824853214,,Coconut,580.59,307
26,2023-01-27,114,74,53,19.25,303,4.122054962463965,288.122145757659,,KidneyBeans,580.59,307
27,2023-01-28,51,98,171,19.25,303,7.631271800105546,143.44911907836075,,Coffee,580.59,307
28,2023-01-29,132,130,196,19.25,303,7.688245114116829,157.39817923636443,,Coconut,580.59,307
29,2023-01-30,76,11,43,19.19,303,4.393673060735116,103.12964597777922,,Pomegranate,580.59,307
30,2023-01-31,80,77,132,19.25,303,5.970132221749107,296.4474385742515,,Banana,580.59,307
31,2023-02-01,2,48,169,19.19,303,8.207863946308823,169.16666356914695,,KidneyBeans,580.59,307
32,2023-02-02,72,117,54,19.19,304,8.603918819157492,273.4214603850685,,Blackgram,580.59,307
33,2023-02-03,16,116,104,19.19,304,9.84092514631332,46.51585399073949,,Orange,580.59,307
34,2023-02-04,30,16,146,19.12,303,5.655622967850125,152.16835256051107,,Blackgram,580.59,307
35,2023-02-05,2,105,171,19.12,303,5.186985206743476,195.70789304096704,,Coffee,580.59,307
36,2023-02-06,73,16,25,19.12,303,7.791630340932492,273.7732952454295,,Rice,580.59,307
37,2023-02-07,100,127,44,19.12,303,6.186928509051144,222.71618296730907,,Pomegranate,580.59,307
38,2023-02-08,12,47,158,19.06,303,9.240906825652736,260.0822647361155,,Pomegranate,580.59,307
39,2023-02-09,20,68,183,19.06,303,8.683581321585226,165.23534401504216,,KidneyBeans,578.17,307
40,2023-02-10,35,46,143,19.06,303,6.347602349645935,159.67561504477553,,Muskmelon,580.59,307
41,2023-02-11,50,143,140,19.06,303,9.40920612236819,269.4255687785397,,Maize,580.59,307
42,2023-02-12,42,28,138,19.06,303,7.838865583570254,209.88552482434025,,PigeonPeas,580.59,307
43,2023-02-13,107,142,134,19.06,303,8.828472172330414,288.65826959444837,,Coffee,580.59,307
44,2023-02-14,79,110,115,19.06,303,8.26517910991657,291.1901189982075,,Mango,580.59,307
45,2023-02-15,86,49,179,19.06,303,9.006625004065988,180.88635845537635,,Banana,578.17,307
46,2023-02-16,2,74,147,19.0,305,5.4978954456161855,120.21268275520714,,Lentil,585.45,310
47,2023-02-17,14,5,85,19.0,304,8.723533796320988,142.64364954629815,,Pomegranate,583.01,308
48,2023-02-18,125,103,139,19.06,298,4.060959477779945,151.70920250109546,,Grapes,568.58,301
49,2023-02-19,30,78,79,19.06,301,5.113543698783705,91.11176622636073,,Pomegranate,575.76,305
50,2023-02-20,89,50,144,19.19,306,6.993374312640694,99.30187846164554,,Maize,585.45,310
51,2023-02-21,105,70,146,19.19,302,4.234787663421891,287.3576800987478,,Blackgram,578.17,306
52,2023-02-22,129,24,190,19.25,305,8.178013047655618,159.35424384285045,,Coffee,585.45,309
53,2023-02-23,2,105,72,19.25,303,6.728670163733442,79.9718953135592,,PigeonPeas,578.17,306
54,2023-02-24,13,68,68,19.25,303,8.619722520329415,189.5093943552276,,Jute,578.17,306
55,2023-02-25,13,94,60,19.31,303,7.393428062075147,160.7924388403281,,Jute,578.17,307
56,2023-02-26,34,123,204,19.31,303,9.654557379590766,197.67382857869177,,Coconut,578.17,306
57,2023-02-27,44,56,150,19.31,303,4.155982696631103,166.4141512748958,,Maize,578.17,307
58,2023-02-28,104,129,60,19.25,302,9.89788141346785,26.154970275078547,,Papaya,578.17,306
59,2023-03-01,55,99,92,19.31,303,6.4159292454907195,284.9632929202967,,Papaya,578.17,306
60,2023-03-02,82,60,102,19.31,302,4.302892980897731,150.83394568143655,,Papaya,578.17,306
61,2023-03-03,89,35,132,19.25,302,6.513026480045012,152.7160198312524,,Lentil,578.17,306
62,2023-03-04,38,95,126,19.31,303,8.135040666364755,166.04238928638833,,Orange,578.17,306
63,2023-03-05,117,137,102,19.31,302,4.399551933512649,106.87509409877013,,Apple,578.17,306
64,2023-03-06,77,33,125,19.31,302,5.445610953345455,49.39699288989959,,Muskmelon,578.17,306
65,2023-03-07,28,9,150,19.31,302,4.619720454120408,39.02355660216122,,Banana,578.17,306
66,2023-03-08,31,61,36,19.25,302,9.953700603234935,119.75107421922095,,Jute,578.17,306
67,2023-03-09,55,9,182,19.31,302,7.079522898128106,30.323662457048748,,Mango,578.17,306
68,2023-03-10,35,55,77,19.31,303,4.107042679453561,133.41181844895894,,ChickPea,578.17,307
69,2023-03-11,104,39,204,19.31,302,8.611099255980422,253.35590590665402,,Maize,578.17,306
70,2023-03-12,57,18,190,19.31,302,5.443350343984986,55.268756550139685,,PigeonPeas,578.17,306
71,2023-03-13,16,64,97,19.31,302,4.763964441906388,178.07482138416273,,MothBeans,578.17,306
72,2023-03-14,118,35,195,19.31,302,3.683312970310968,131.2154375828468,,Grapes,578.17,306
73,2023-03-15,97,12,100,19.31,302,5.962502197244797,52.864935177832336,,MungBean,578.17,306
74,2023-03-16,18,45,22,19.31,302,9.680200738088068,81.2083035796921,,KidneyBeans,578.17,306
75,2023-03-17,90,16,105,19.31,302,9.85474613916298,136.80533899039318,,Orange,578.17,306
76,2023-03-18,50,95,186,19.31,302,4.259508649104635,99.67380927937326,,MungBean,578.17,306
77,2023-03-19,140,47,168,19.31,302,9.369509798215542,48.60672077707676,,Papaya,578.17,306
78,2023-03-20,131,61,90,19.31,302,9.155905555847898,142.9225997105405,,Grapes,578.17,306
79,2023-03-21,91,129,115,19.31,302,6.012683871414376,251.12590109451673,,Mango,578.17,306
80,2023-03-22,122,73,183,19.31,302,4.973975297657436,181.94782587051492,,Blackgram,578.17,306
81,2023-03-23,84,28,64,19.31,302,9.005813115858832,23.88586713944702,,Muskmelon,578.17,306
82,2023-03-24,5,65,29,19.31,302,9.076594243989298,44.155454186429644,,Papaya,578.17,306
83,2023-03-25,115,131,129,19.31,302,4.325923923461801,167.54946985301763,,Rice,578.17,306
84,2023-03-26,20,44,82,19.31,302,3.598309468072735,209.64991700479015,,Lentil,578.17,306
85,2023-03-27,29,110,113,19.31,302,3.6660810850293344,293.640087931437,,Muskmelon,578.17,306
86,2023-03-28,106,59,70,19.25,302,5.267915424995347,168.5011580170194,,Papaya,578.17,306
87,2023-03-29,97,29,86,19.31,302,4.291499008333917,283.06175464870114,,Mango,578.17,306
88,2023-03-30,138,121,45,19.31,302,4.931300692582188,175.37794460733375,,Muskmelon,578.17,306
89,2023-03-31,103,27,128,19.31,303,4.220441949653015,260.3220735579131,,MothBeans,578.17,307
90,2023-04-01,29,124,187,19.31,302,4.404757526525759,219.6310331954666,,Apple,578.17,306
91,2023-04-02,52,72,10,19.25,302,7.038165907758508,145.64834030973034,,Blackgram,578.17,306
92,2023-04-03,28,36,184,19.31,302,6.499164812934431,130.67844023252832,,Papaya,578.17,306
93,2023-04-04,43,71,177,19.25,302,6.413493974697916,93.22323608129592,,Muskmelon,575.76,306
94,2023-04-05,134,72,81,19.31,302,5.845766683930576,183.67907580478166,,Rice,578.17,306
95,2023-04-06,41,26,34,19.31,301,9.815645688797343,45.9718268285044,,Pomegranate,575.76,305
96,2023-04-07,69,115,45,19.31,302,6.997735803891131,139.2342146424562,,Jute,575.76,306
97,2023-04-08,31,44,52,19.31,302,9.030387338225676,296.9925537043158,,Lentil,578.17,306
98,2023-04-09,23,122,43,19.25,302,7.0737469207310335,136.542144296872,,Maize,578.17,306
99,2023-04-10,50,131,10,19.31,302,8.647339248937548,84.75360131082896,,Lentil,575.76,305
100,2023-01-01,89,31,147,19.31,302,8.794465031025275,214.25800733928702,,Coffee,575.76,305
101,2023-01-02,53,110,96,19.31,302,8.292597331872589,25.25515713761932,,Grapes,575.76,306
102,2023-01-03,129,53,181,19.25,302,7.95459618121673,232.8499962323633,,Banana,575.76,306
103,2023-01-04,130,105,36,19.31,302,7.653562775003483,294.7793065534681,,Jute,575.76,305
104,2023-01-05,12,97,197,19.31,302,9.233399689692476,187.90546494062002,,Coffee,578.17,306
105,2023-01-06,75,53,10,19.25,301,7.185575702371585,157.8183509124714,,Pomegranate,575.76,305
106,2023-01-07,102,106,127,19.25,302,6.834067341054261,232.17935476145556,,Maize,575.76,305
107,2023-01-08,52,5,81,19.31,302,4.754932509504744,132.8618350363132,,Lentil,575.76,305
108,2023-01-09,90,15,57,19.25,302,8.16676782645411,287.40428638027413,,MungBean,575.76,305
109,2023-01-10,140,33,122,19.25,301,9.170312527250864,296.34691825201986,,KidneyBeans,575.76,305
110,2023-01-11,11,96,166,19.25,301,8.370606157230778,194.8847027291755,,Orange,575.76,305
111,2023-01-12,77,56,176,19.31,301,6.140533587251208,32.633159185658315,,Jute,575.76,305
112,2023-01-13,97,89,196,19.25,301,9.33797911787537,146.36993461019276,,Cotton,575.76,305
113,2023-01-14,57,91,31,19.31,302,9.917863454140672,164.4966413982873,,Jute,575.76,305
114,2023-01-15,118,69,154,19.31,301,4.342239746197668,133.77792147099848,,Rice,575.76,305
115,2023-01-16,68,122,94,19.25,301,9.993814709633433,111.92570825753783,,ChickPea,575.76,305
116,2023-01-17,16,99,67,19.25,301,7.170710140481615,124.23594827097524,,Orange,575.76,305
117,2023-01-18,128,20,97,19.25,301,8.742073903002982,107.4970161307291,,ChickPea,575.76,305
118,2023-01-19,41,47,158,19.31,301,7.6640830685768515,23.28229164656884,,Grapes,575.76,305
119,2023-01-20,115,77,115,19.25,301,5.0049271544351335,196.76977063462604,,Lentil,575.76,305
120,2023-01-21,12,50,119,19.25,301,7.321637546812278,56.420662876371125,,Banana,575.76,305
121,2023-01-22,110,94,83,19.25,301,4.317489159135285,212.47214915432696,,Coffee,575.76,305
122,2023-01-23,15,132,90,19.25,301,3.696181575880251,67.09426618318594,,Coffee,575.76,305
123,2023-01-24,119,49,121,19.25,301,9.4907342823325,102.4446625903178,,Cotton,575.76,305
124,2023-01-25,125,90,128,19.25,301,4.462323221914746,152.56697002179047,,Coconut,575.76,305
125,2023-01-26,76,98,75,19.25,301,4.030543873404955,231.74086663711435,,Coconut,575.76,305
126,2023-01-27,22,44,96,19.25,301,7.389459908546989,151.32659106245816,,Blackgram,575.76,305
127,2023-01-28,0,40,68,19.25,301,8.623356632996718,245.99064623081182,,Papaya,575.76,305
128,2023-01-29,109,131,187,19.25,301,9.554823731571954,223.95931318055025,,KidneyBeans,575.76,305
129,2023-01-30,104,136,111,19.31,301,9.810246099873726,249.28301270889307,,ChickPea,575.76,305
130,2023-01-31,76,87,66,19.25,301,9.216536383204822,264.1121619365568,,Coconut,575.76,305
131,2023-02-01,49,89,98,19.25,301,8.580813776323772,104.73465269025202,,Lentil,575.76,305
132,2023-02-02,124,8,30,19.25,301,7.203754094701371,74.22117884392144,,Apple,575.76,305
133,2023-02-03,56,135,148,19.25,301,5.8235325358164705,73.64552489227951,,KidneyBeans,575.76,305
134,2023-02-04,4,137,23,19.25,301,9.952287019437303,33.31660974869742,,Lentil,575.76,305
135,2023-02-05,36,15,111,19.25,301,8.579933102895376,141.1653597234469,,Cotton,575.76,305
136,2023-02-06,60,91,160,19.25,301,4.207424112895165,156.89310423015453,,Rice,575.76,305
137,2023-02-07,52,101,14,19.25,301,8.735335239624295,155.47079468395614,,Maize,575.76,305
138,2023-02-08,62,105,106,19.25,301,7.753830023948302,173.54058462123692,,PigeonPeas,575.76,305
139,2023-02-09,124,87,65,19.25,301,9.555948213975796,111.22657959421852,,Blackgram,575.76,305
140,2023-02-10,79,36,163,19.25,301,7.824351358824008,134.4633051942322,,Apple,575.76,305
141,2023-02-11,35,61,139,19.25,301,6.974971662049594,160.27198066291868,,Apple,575.76,305
142,2023-02-12,65,49,91,19.19,300,4.113058415715093,228.37738230993548,,KidneyBeans,573.36,304
143,2023-02-13,64,80,159,19.25,301,5.5139309844603055,139.93294970819582,,MungBean,575.76,305
144,2023-02-14,108,144,46,19.25,301,9.877649828155915,290.8569125813935,,Apple,575.76,305
145,2023-02-15,114,29,34,19.25,301,6.035681405587313,221.43470070131738,,Muskmelon,575.76,305
146,2023-02-16,114,105,108,19.25,301,5.705796814292256,257.49775377031875,,MothBeans,573.36,305
147,2023-02-17,107,139,15,19.25,301,4.042300444175806,29.916841206923696,,Lentil,573.36,305
148,2023-02-18,115,97,23,19.25,301,9.848533894655791,214.23146422160303,,MothBeans,575.76,305
149,2023-02-19,42,139,125,19.25,301,3.7771000482414667,240.85183189472082,,Muskmelon,575.76,305
150,2023-02-20,122,25,188,19.25,301,6.423149661988621,153.96078318304046,,Jute,573.36,304
151,2023-02-21,93,22,150,19.25,301,5.831086626483131,122.3536495787033,,Coffee,573.36,304
152,2023-02-22,116,5,196,19.25,300,7.281800454504742,56.509985026141294,,Pomegranate,573.36,304
153,2023-02-23,38,97,32,19.25,301,9.34245818667301,100.5239581217951,,Papaya,573.36,304
154,2023-02-24,112,31,113,19.25,300,8.247394859158053,193.53272080741607,,Mango,573.36,304
155,2023-02-25,64,12,111,19.25,301,9.139247332439558,33.99429880259184,,Blackgram,573.36,304
156,2023-02-26,5,119,91,19.19,301,6.754609392320263,118.10167769247045,,MothBeans,573.36,305
157,2023-02-27,40,138,194,19.25,301,3.794507517984941,287.3388012008765,,Blackgram,573.36,305
158,2023-02-28,18,39,35,19.25,301,7.008538401664949,69.07938984357511,,MothBeans,573.36,305
159,2023-03-01,94,63,195,19.19,300,5.554735464109273,74.06939902784315,,MothBeans,573.36,304
160,2023-03-02,12,84,140,19.25,300,5.866591554015345,214.56587327615827,,ChickPea,573.36,304
161,2023-03-03,107,76,23,19.25,301,4.737901876763685,178.2211090461556,,Blackgram,573.36,304
162,2023-03-04,98,82,78,19.25,300,9.579668292222348,123.87269312482509,,Orange,573.36,304
163,2023-03-05,49,56,87,19.19,301,9.686471461120107,90.13150196528441,,Papaya,575.76,305
164,2023-03-06,8,65,155,19.25,300,7.38352837528619,262.72324049400686,,Watermelon,573.36,304
165,2023-03-07,93,87,151,19.25,301,6.683272039483516,287.46147812532274,,Orange,573.36,305
166,2023-03-08,95,49,103,19.25,301,9.927196275049187,74.01729187822586,,MungBean,575.76,305
167,2023-03-09,88,60,189,19.25,301,7.12809485486246,217.63718776763824,,Grapes,575.76,305
168,2023-03-10,25,127,51,19.25,301,8.597171968892065,114.07858017370462,,MothBeans,575.76,305
169,2023-03-11,10,78,149,19.25,301,8.38677062061235,63.623578793092875,,Pomegranate,573.36,304
170,2023-03-12,127,94,10,19.19,301,9.822522723869461,244.28235605025338,,Orange,575.76,305
171,2023-03-13,138,108,122,19.19,301,9.88122113334675,136.47784960633282,,Maize,575.76,305
172,2023-03-14,6,81,68,19.19,301,7.767437326633875,158.60680193461872,,Coffee,575.76,305
173,2023-03-15,36,111,9,19.19,301,6.046235775222852,268.92400612421994,,Apple,575.76,305
174,2023-03-16,65,45,94,19.19,301,5.802394803540282,117.60048944401078,,MothBeans,575.76,305
175,2023-03-17,77,71,50,19.19,301,8.033562951244033,154.1178913022407,,Watermelon,575.76,305
176,2023-03-18,87,108,125,19.25,301,6.9454501013351315,169.73838779047156,,ChickPea,575.76,305
177,2023-03-19,132,43,63,19.19,301,6.558944173607443,122.15113718205332,,PigeonPeas,575.76,305
178,2023-03-20,134,21,68,19.19,301,4.202980052004591,133.05390444309026,,Watermelon,573.36,305
179,2023-03-21,72,116,105,19.19,301,3.7135873996598794,64.002482971892,,PigeonPeas,575.76,305
180,2023-03-22,6,15,180,19.19,301,5.96029003306753,200.755611257123,,Grapes,573.36,305
181,2023-03-23,23,30,158,19.19,301,5.805531831090185,211.76055510837722,,Apple,573.36,305
182,2023-03-24,129,94,132,19.19,301,8.680099362975415,160.45703132410995,,Coffee,575.76,305
183,2023-03-25,132,114,143,19.19,301,9.988606381713787,25.47508367297972,,Muskmelon,573.36,305
184,2023-03-26,6,127,160,19.19,301,8.762713117365916,77.3153709559373,,PigeonPeas,573.36,305
185,2023-03-27,70,80,50,19.19,301,4.112052137931819,143.88263951991044,,Mango,575.76,304
186,2023-03-28,20,13,66,19.19,301,6.030160851827134,188.4583926313758,,Pomegranate,573.36,305
187,2023-03-29,16,115,163,19.19,301,5.956339003764333,24.36098545300724,,Pomegranate,573.36,305
188,2023-03-30,33,141,40,19.19,301,8.704246239658218,173.835800171409,,MungBean,575.76,305
189,2023-03-31,130,100,130,19.19,301,4.292120075397747,263.8964077808858,,MothBeans,575.76,305
190,2023-04-01,17,105,193,19.19,301,6.515850801126435,35.665693413110304,,Rice,575.76,305
191,2023-04-02,115,73,43,19.19,301,9.989420758155799,81.89714298212189,,ChickPea,575.76,305
192,2023-04-03,94,126,149,19.19,301,4.90926347787595,178.91004944762605,,Maize,575.76,305
193,2023-04-04,31,25,80,19.19,302,9.91153421431702,137.7161200955678,,Grapes,575.76,305
194,2023-04-05,120,45,22,19.12,302,9.76638208444136,169.66054262011582,,ChickPea,575.76,305
195,2023-04-06,107,36,193,19.19,302,7.756125803027568,78.595583814874,,Muskmelon,575.76,306
196,2023-04-07,104,74,138,19.19,302,5.207280572554664,175.95127141228923,,Muskmelon,578.17,306
197,2023-04-08,140,58,155,19.12,302,6.3888749624434755,213.739214748557,,Mango,578.17,306
198,2023-04-09,100,140,175,19.19,302,4.7240176442067225,147.8719911074312,,Muskmelon,578.17,306
199,2023-04-10,31,43,153,19.12,302,9.898844107326411,236.42863400579142,,Muskmelon,578.17,306
200,2023-01-01,38,65,64,19.19,302,9.694470790010078,232.48337910436115,,Mango,575.76,306
201,2023-01-02,72,32,90,19.12,301,6.296800079775464,242.40973038416087,,KidneyBeans,575.76,305
202,2023-01-03,7,93,183,19.12,301,8.194597034728364,222.95614560749385,,Mango,575.76,305
203,2023-01-04,136,56,85,19.19,301,9.678940344576239,247.19745770647685,,Banana,575.76,305
204,2023-01-05,93,80,64,19.19,301,5.640031839541246,183.86023458452593,,KidneyBeans,575.76,305
205,2023-01-06,14,100,157,19.12,301,8.380061539238952,206.75763981356627,,Muskmelon,575.76,305
206,2023-01-07,134,20,33,19.12,301,9.345933515659574,102.48010533657838,,KidneyBeans,575.76,305
207,2023-01-08,56,12,196,19.12,301,6.10024929075342,195.98221635738636,,Cotton,575.76,305
208,2023-01-09,33,39,201,19.12,301,7.876683048981513,157.5748389218057,,Grapes,575.76,305
209,2023-01-10,136,30,106,19.12,301,5.732845654870043,257.92525243645525,,Coffee,575.76,305
210,2023-01-11,71,59,20,19.12,301,8.85237418841941,285.354916289299,,Apple,575.76,305
211,2023-01-12,70,114,195,19.12,301,9.045291390128094,290.1840979491834,,Coffee,575.76,305
212,2023-01-13,137,29,20,19.12,301,8.944884555602474,169.31410586544098,,Blackgram,575.76,305
213,2023-01-14,36,31,121,19.12,302,5.619597822839207,210.23143958856343,,Watermelon,575.76,306
214,2023-01-15,135,57,83,19.12,302,3.9189680273876246,153.96334236572184,,Blackgram,575.76,306
215,2023-01-16,130,77,64,19.12,302,6.43179921691646,211.81558922208023,,Watermelon,578.17,306
216,2023-01-17,33,117,190,19.06,302,5.44327731558446,81.29390710418303,,Lentil,578.17,306
217,2023-01-18,98,121,45,19.12,302,6.0119044752420825,202.5073142345355,,MungBean,578.17,306
218,2023-01-19,134,95,37,19.12,302,5.218419956774887,265.25433227321815,,Orange,578.17,306
219,2023-01-20,28,40,55,19.12,302,7.349838949390078,89.57264230269475,,Watermelon,578.17,306
220,2023-01-21,31,132,63,19.12,302,6.61683491748896,262.19447054869846,,Banana,578.17,306
221,2023-01-22,42,100,49,19.12,302,7.791613185566203,171.99418468445418,,Banana,578.17,306
222,2023-01-23,111,78,195,19.06,302,6.681214801592633,83.14616123778359,,Jute,578.17,306
223,2023-01-24,60,133,75,19.12,302,4.388834412689038,230.3516808613241,,Cotton,578.17,306
224,2023-01-25,45,84,84,19.06,302,6.802798937373933,184.04919162397172,,Blackgram,578.17,306
225,2023-01-26,103,82,172,19.12,302,4.9441546498681195,209.06246459720657,,MothBeans,578.17,306
226,2023-01-27,116,127,139,19.12,302,6.42884183419261,233.57889559008288,,Muskmelon,578.17,306
227,2023-01-28,3,91,78,19.12,302,8.701936883831392,80.6362391646976,,MothBeans,578.17,306
228,2023-01-29,110,6,89,19.06,302,6.1300729137311745,225.2451081101627,,Orange,578.17,306
229,2023-01-30,90,11,162,19.06,302,6.145954452490081,250.74889117567704,,Watermelon,578.17,306
230,2023-01-31,90,126,195,19.12,301,9.06847955319067,129.41877389098136,,ChickPea,575.76,305
231,2023-02-01,48,77,127,19.06,301,9.07267338785509,237.43278288813295,,Rice,575.76,305
232,2023-02-02,121,57,126,19.06,301,8.192134401841045,221.0829625079143,,Cotton,575.76,305
233,2023-02-03,72,11,9,19.06,301,7.045649901623034,82.21604842374154,,Watermelon,575.76,305
234,2023-02-04,138,78,10,19.06,302,6.063675555289356,174.28263289584106,,Pomegranate,575.76,305
235,2023-02-05,89,38,202,19.06,302,6.348720555781272,28.312182961530617,,Maize,575.76,306
236,2023-02-06,137,24,25,19.06,302,5.465401536242811,96.47606124358785,,Banana,578.17,306
237,2023-02-07,124,58,118,19.06,302,9.578110539831986,88.27390950215053,,KidneyBeans,578.17,306
238,2023-02-08,139,52,54,19.06,302,6.222562660469876,157.9776297793399,,Mango,578.17,306
239,2023-02-09,27,92,70,19.06,302,9.630484688614663,166.65174541923227,,Cotton,578.17,306
240,2023-02-10,110,35,59,19.06,302,8.533719057278809,62.21461058416476,,Mango,578.17,306
241,2023-02-11,137,132,146,19.06,302,6.7959075513534755,193.83667490776844,,Papaya,578.17,306
242,2023-02-12,87,96,152,19.06,302,9.769957522332142,228.1404612114723,,Blackgram,578.17,306
243,2023-02-13,123,97,136,19.06,302,7.855729759986726,256.79880128868933,,Lentil,578.17,306
244,2023-02-14,130,44,7,19.06,302,6.290524603228877,174.34524485539515,,Maize,578.17,306
245,2023-02-15,37,128,194,19.06,302,8.934408478295143,214.23280754907705,,Papaya,575.76,305
246,2023-02-16,101,83,26,19.06,301,7.816158977236837,102.4237408552535,,Grapes,575.76,305
247,2023-02-17,33,92,116,19.06,302,5.805773324688474,63.17778394772937,,Banana,575.76,305
248,2023-02-18,138,60,94,19.06,302,4.5181291777897865,23.847639070423636,,Rice,575.76,305
249,2023-02-19,27,91,129,19.06,302,4.662238353802147,93.93564814080715,,ChickPea,575.76,305
250,2023-02-20,135,86,162,19.06,302,3.6003375806812357,253.79589029650836,,Maize,575.76,306
251,2023-02-21,77,138,177,19.06,302,4.718543182248912,184.906117049602,,Muskmelon,578.17,306
252,2023-02-22,83,37,102,19.06,302,7.2998243082675565,208.80144649553094,,MothBeans,578.17,306
253,2023-02-23,21,75,150,19.06,302,8.649425461140181,238.47158252632894,,Lentil,578.17,306
254,2023-02-24,77,130,78,19.06,302,3.769403986438664,199.81033765211927,,Jute,578.17,306
255,2023-02-25,50,96,192,19.06,303,8.631313264186725,237.44739158829424,,Grapes,578.17,306
256,2023-02-26,45,66,191,19.06,303,7.4609417358217485,26.34063661796814,,Cotton,578.17,306
257,2023-02-27,93,101,69,19.06,303,7.319272520780718,30.7596437787567,,Coconut,578.17,306
258,2023-02-28,21,19,61,19.06,303,4.636731822927042,214.35456406256233,,MungBean,580.59,307
259,2023-03-01,80,94,199,19.0,303,4.993653579769116,259.1575659084387,,Cotton,580.59,307
260,2023-03-02,132,74,48,19.06,303,5.9800746380867995,192.43768092150802,,KidneyBeans,578.17,306
261,2023-03-03,77,127,49,19.06,304,5.861457069089407,151.98293916868275,,KidneyBeans,583.01,309
262,2023-03-04,33,29,171,19.06,301,7.964650556403831,74.39108327605425,,Maize,575.76,305
263,2023-03-05,72,73,114,19.06,303,5.499499256333584,261.5284819542991,,Watermelon,578.17,307
264,2023-03-06,43,115,198,19.0,301,9.689017469116047,212.70914101026386,,Watermelon,575.76,305
265,2023-03-07,102,62,144,19.0,301,6.003988773837208,69.25703633936021,,Jute,575.76,305
266,2023-03-08,118,22,10,19.06,303,7.757076031290533,257.72025901804216,,Pomegranate,580.59,306
267,2023-03-09,37,31,63,19.0,300,9.615174587646175,115.79863411218778,,Mango,573.36,303
268,2023-03-10,40,119,137,19.0,302,8.185358925405609,290.78701668396263,,Orange,578.17,306
269,2023-03-11,60,123,28,19.0,302,6.243576475250295,30.609646869003626,,Jute,578.17,306
270,2023-03-12,66,115,138,19.0,302,6.21492177654238,179.89740453951987,,Watermelon,575.76,305
271,2023-03-13,0,34,113,19.06,302,5.147819192040545,177.93696307739353,,Mango,578.17,306
272,2023-03-14,119,130,60,19.0,302,9.324100121398544,230.8141186759239,,MothBeans,578.17,306
273,2023-03-15,19,86,89,19.06,302,5.638213693079784,122.90509868711688,,Coconut,578.17,306
274,2023-03-16,61,22,18,19.0,303,9.48027722994319,55.55260027136397,,Orange,578.17,306
275,2023-03-17,39,19,15,19.06,303,3.857059097090381,103.06244957754829,,Jute,580.59,307
276,2023-03-18,12,90,191,19.0,303,5.01792600940172,233.90116178467957,,Orange,580.59,307
277,2023-03-19,121,133,8,19.0,303,4.781404090253711,269.20675830275536,,Watermelon,580.59,307
278,2023-03-20,128,12,104,19.0,303,8.428684183213743,47.33493269062302,,KidneyBeans,580.59,307
279,2023-03-21,17,121,157,19.0,304,6.820998681676903,97.22893156048224,,Muskmelon,580.59,307
280,2023-03-22,77,74,162,19.0,304,7.092733172676514,139.78929234930368,,KidneyBeans,580.59,307
281,2023-03-23,117,5,177,19.0,304,9.64473141041788,196.23532375378528,,Cotton,580.59,307
282,2023-03-24,44,66,103,19.0,303,6.224916260378627,188.2482034774559,,Muskmelon,580.59,307
283,2023-03-25,51,44,96,19.0,303,5.490953781067239,215.16110379929088,,Apple,580.59,307
284,2023-03-26,66,43,195,19.0,303,4.600491666162965,286.33605948864545,,MothBeans,580.59,307
285,2023-03-27,12,131,68,19.0,303,4.4983310799267295,208.47768553902517,,Jute,580.59,307
286,2023-03-28,113,111,104,19.0,302,4.073068284413732,117.88188687844982,,MungBean,578.17,306
287,2023-03-29,118,123,172,19.0,302,8.988503829282553,227.90730351876275,,Maize,578.17,306
288,2023-03-30,11,73,95,19.0,302,5.280968736012595,262.04010782244984,,Coconut,578.17,306
289,2023-03-31,102,118,135,18.94,302,9.19981897252228,95.81749537055022,,Apple,578.17,306
290,2023-04-01,13,99,179,19.0,302,5.745102387224554,23.255861537078268,,Papaya,578.17,306
291,2023-04-02,19,122,65,19.0,303,4.1194672150523575,220.63406335501642,,Maize,578.17,306
292,2023-04-03,92,89,124,19.0,303,8.299114799409594,118.08164442375423,,Coffee,578.17,306
293,2023-04-04,7,90,67,19.0,303,3.696846938158796,65.18163130832808,,Papaya,578.17,306
294,2023-04-05,127,60,38,18.94,302,3.897171337186189,120.98894792155279,,Cotton,578.17,306
295,2023-04-06,59,95,54,19.0,303,5.864404164872082,57.04432109494053,,Coconut,578.17,306
296,2023-04-07,137,141,185,18.94,302,7.672167982833815,273.05137849942776,,Grapes,578.17,306
297,2023-04-08,79,119,65,19.0,303,7.882771830064651,150.4378151683801,,Coffee,580.59,307
298,2023-04-09,100,97,98,18.94,303,7.14638895999236,173.55980456036536,,MungBean,578.17,307
299,2023-04-10,135,122,189,18.94,303,9.901398239855153,198.37002994323225,,Mango,578.17,306
300,2023-01-01,94,61,151,18.94,303,4.19339385292073,259.9583137709372,,Banana,578.17,306
301,2023-01-02,66,107,171,19.0,302,7.419708541724033,122.23495884146386,,Muskmelon,578.17,306
302,2023-01-03,99,127,45,18.94,303,9.617616877424418,48.50528343298767,,Grapes,578.17,306
303,2023-01-04,121,111,91,18.94,303,5.297005015604722,53.38071056471706,,MothBeans,580.59,307
304,2023-01-05,59,130,173,18.94,303,6.425266937683377,190.87404692398522,,ChickPea,580.59,307
305,2023-01-06,89,47,78,18.94,303,5.884140608852847,203.01992590176084,,Pomegranate,580.59,307
306,2023-01-07,24,99,89,18.94,303,8.833947809016998,38.408108009650974,,Muskmelon,580.59,308
307,2023-01-08,138,113,8,19.0,304,3.637991603111953,161.93393990736726,,MungBean,580.59,308
308,2023-01-09,44,94,28,18.94,304,4.957222433007555,240.622821773589,,Blackgram,580.59,308
309,2023-01-10,36,78,87,18.94,303,3.8911389139958326,63.48641449412408,,Jute,580.59,307
310,2023-01-11,51,85,51,18.94,304,6.250530180928463,152.62995296275503,,MungBean,580.59,308
311,2023-01-12,99,72,130,18.94,304,9.101689976532736,56.241473293018615,,Mango,583.01,308
312,2023-01-13,128,20,21,18.94,304,6.363013061657464,237.37044779824086,,Watermelon,583.01,308
313,2023-01-14,122,75,102,18.94,304,9.547558828313345,265.01854510745807,,Muskmelon,580.59,307
314,2023-01-15,131,98,31,18.94,303,4.875774890440065,53.207194234155224,,Muskmelon,580.59,307
315,2023-01-16,10,105,37,18.87,304,8.366177029741571,130.49236816998814,,Lentil,580.59,307
316,2023-01-17,24,132,143,18.94,304,7.570945174538308,35.41446549515835,,PigeonPeas,580.59,307
317,2023-01-18,41,104,147,18.87,303,7.351904300610418,201.73897677370462,,Watermelon,580.59,307
318,2023-01-19,58,77,130,18.94,304,7.509485704402961,249.7244323067372,,MothBeans,580.59,307
319,2023-01-20,75,64,33,18.87,304,5.708545245108331,182.7041394445638,,Orange,580.59,307
320,2023-01-21,110,53,97,18.94,303,9.788809558161606,237.73757148474112,,Blackgram,580.59,307
321,2023-01-22,39,39,128,18.87,303,8.599161703938528,257.7700453855393,,Banana,580.59,307
322,2023-01-23,12,9,43,18.87,303,7.541707419255365,203.00044026933594,,Maize,580.59,306
323,2023-01-24,111,17,174,18.87,303,5.965718578149847,99.744485981625,,Apple,580.59,307
324,2023-01-25,97,123,166,18.94,303,7.170504378454324,72.9762802660326,,Rice,580.59,307
325,2023-01-26,45,123,59,18.87,303,3.594915340177206,244.48632293432232,,Grapes,580.59,307
326,2023-01-27,100,51,161,18.87,303,3.5410480725180995,200.95083026549443,,Maize,580.59,307
327,2023-01-28,5,55,85,18.87,303,7.191381721104975,130.94456290308364,,Jute,580.59,307
328,2023-01-29,81,19,18,18.87,303,5.715502531607731,242.24933646853412,,Banana,580.59,307
329,2023-01-30,76,36,99,18.87,303,6.644005363277379,109.57536844949342,,Coffee,580.59,307
330,2023-01-31,15,134,78,18.87,304,7.962589561508795,86.28536806934825,,Jute,580.59,307
331,2023-02-01,83,5,197,18.87,304,4.2019146632283935,210.43802061354586,,Watermelon,580.59,307
332,2023-02-02,11,84,167,18.87,303,7.294849019769561,289.35100970953846,,Lentil,580.59,307
333,2023-02-03,131,96,193,18.87,304,7.482242983087008,133.97622538499394,,Coffee,583.01,308
334,2023-02-04,49,40,128,18.87,304,9.504958507912095,285.6499238409322,,MungBean,580.59,308
335,2023-02-05,130,103,74,18.87,304,7.030796366798803,149.25661771275756,,Coconut,583.01,308
336,2023-02-06,71,60,40,18.87,304,4.730471017562863,61.304129707106426,,MothBeans,583.01,308
337,2023-02-07,53,57,24,18.87,303,8.076673110780314,290.0339368524401,,Banana,578.17,307
338,2023-02-08,14,11,76,18.87,304,4.140036569369965,80.61539545507881,,Pomegranate,583.01,309
339,2023-02-09,110,60,125,18.87,304,9.650154845188116,297.57396894902797,,ChickPea,583.01,308
340,2023-02-10,94,108,73,18.87,304,5.759979452722371,122.93932791844863,,Blackgram,583.01,308
341,2023-02-11,116,103,171,18.81,303,4.493888403917921,24.439108623172764,,Muskmelon,580.59,307
342,2023-02-12,48,15,67,18.87,303,6.192326076550595,68.74047455942213,,KidneyBeans,580.59,307
343,2023-02-13,95,125,47,18.87,303,6.715172843334953,227.8886080138411,,Papaya,580.59,307
344,2023-02-14,14,62,13,18.87,303,3.810297216083949,255.58870823114276,,MothBeans,580.59,307
345,2023-02-15,12,97,196,18.81,303,6.957780545111184,180.72771607279316,,Banana,580.59,307
346,2023-02-16,74,46,51,18.81,303,3.973782890525469,43.626681818923295,,MothBeans,580.59,307
347,2023-02-17,117,135,134,18.87,303,9.726702121756592,40.63417917221926,,Papaya,578.17,306
348,2023-02-18,33,9,174,18.81,303,3.987613027906985,289.6600494010252,,Pomegranate,580.59,307
349,2023-02-19,135,51,149,18.81,303,3.8892108253972637,218.98944764374338,,Grapes,580.59,307
350,2023-02-20,50,18,196,18.81,304,4.441897312859749,97.84468470372437,,Papaya,580.59,307
351,2023-02-21,78,21,59,18.81,304,3.7034655668873127,161.967222142961,,Muskmelon,580.59,308
352,2023-02-22,128,137,17,18.81,304,5.538579796707583,22.81750998320251,,MungBean,583.01,308
353,2023-02-23,64,77,36,18.81,304,8.261258135178434,59.18384304857213,,Coffee,583.01,308
354,2023-02-24,52,52,50,18.81,304,6.733866072935431,78.80823845598151,,Cotton,583.01,308
355,2023-02-25,31,128,60,18.81,304,8.972187901441455,263.6084359643895,,PigeonPeas,583.01,308
356,2023-02-26,30,16,109,18.81,304,6.446326997090736,218.11263587227236,,Watermelon,583.01,308
357,2023-02-27,72,102,37,18.81,304,6.606562666805887,250.40766563653986,,Mango,583.01,308
358,2023-02-28,34,141,186,18.81,304,4.3396050312750445,247.56362615359754,,Watermelon,583.01,308
359,2023-03-01,9,8,10,18.81,304,6.074049577956549,213.81034388976497,,MungBean,583.01,308
360,2023-03-02,88,76,119,18.81,305,5.983877700750073,97.99646026864312,,MothBeans,583.01,308
361,2023-03-03,72,72,31,18.81,304,5.376348047895391,149.3107133467526,,ChickPea,583.01,308
362,2023-03-04,32,16,66,18.81,304,9.710004117471941,43.81109539699181,,MungBean,583.01,308
363,2023-03-05,135,39,139,18.81,304,6.212440980976081,179.69421197100084,,Pomegranate,580.59,308
364,2023-03-06,57,17,181,18.81,304,9.42671769853341,64.6303229437413,,Grapes,580.59,307
365,2023-03-07,101,113,123,18.81,304,4.609320750834659,298.52596640179115,,ChickPea,580.59,307
366,2023-03-08,8,63,9,18.81,304,6.323336610410736,44.32411345340157,,Rice,580.59,307
367,2023-03-09,33,69,27,18.81,304,7.845806011113381,228.7682273566672,,Blackgram,580.59,307
368,2023-03-10,77,108,201,18.81,304,8.149421377233269,266.2186801647263,,Coffee,583.01,308
369,2023-03-11,83,101,132,18.75,304,9.07947540341464,113.06134615644199,,Mango,583.01,308
370,2023-03-12,132,98,188,18.81,304,4.678701271011638,37.81844714432066,,Rice,583.01,308
371,2023-03-13,112,97,86,18.75,304,7.635339222041629,169.922156553101,,Lentil,583.01,308
372,2023-03-14,12,140,163,18.81,304,8.977290518400723,79.96644057302937,,Grapes,583.01,308
373,2023-03-15,5,88,131,18.75,304,8.715056507101522,67.77281096457895,,Mango,583.01,308
374,2023-03-16,27,80,85,18.75,304,7.336269891683918,289.8206765757007,,Mango,583.01,308
375,2023-03-17,61,59,187,18.75,304,5.768701117945996,84.02589361931697,,Blackgram,580.59,308
376,2023-03-18,59,89,84,18.75,304,7.062457546406917,73.32636781643737,,Orange,580.59,308
377,2023-03-19,134,53,124,18.75,304,8.34821393759929,21.661918533313532,,Banana,580.59,307
378,2023-03-20,138,22,166,18.75,303,4.4508315437431385,46.8930276951628,,Mango,580.59,307
379,2023-03-21,83,100,180,18.75,304,8.04316288800327,187.51013912694305,,PigeonPeas,580.59,307
380,2023-03-22,36,22,22,18.75,304,7.762438127693809,114.54319184774326,,ChickPea,583.01,308
381,2023-03-23,116,60,145,18.75,304,6.872164088433719,189.50138370915607,,Lentil,583.01,308
382,2023-03-24,13,127,12,18.75,305,6.094470457238382,155.77007648271612,,Lentil,583.01,308
383,2023-03-25,30,23,58,18.75,305,6.390657167185414,277.24475152428147,,Papaya,583.01,308
384,2023-03-26,83,111,124,18.75,305,9.503872343931334,263.5417452230404,,Mango,583.01,309
385,2023-03-27,4,11,138,18.75,304,5.141445246812106,291.87189634672364,,Papaya,583.01,308
386,2023-03-28,92,10,89,18.75,306,8.173737521850692,296.6506044162398,,MungBean,587.89,310
387,2023-03-29,79,117,110,18.75,305,6.053816883613183,115.42606338757861,,Pomegranate,583.01,309
388,2023-03-30,130,26,148,18.75,304,5.948949657209464,141.63590974032965,,Muskmelon,583.01,308
389,2023-03-31,66,132,47,18.69,304,5.830738402881432,105.52558025777444,,Pomegranate,580.59,308
390,2023-04-01,97,37,135,18.75,304,8.160816966081786,79.3031668219147,,Rice,580.59,308
391,2023-04-02,73,22,74,18.69,304,5.964458993502245,233.77399206104,,Banana,580.59,307
392,2023-04-03,23,94,62,18.75,306,9.101737132041961,190.78666853884255,,ChickPea,585.45,310
393,2023-04-04,84,72,143,18.69,304,6.807476763404303,191.99718118075754,,Papaya,580.59,308
394,2023-04-05,68,75,27,18.69,304,5.561821021756941,130.0634872582794,,Banana,580.59,307
395,2023-04-06,115,44,18,18.69,304,3.5399358390863283,63.63113115940912,,MungBean,583.01,308
396,2023-04-07,122,48,43,18.69,304,3.58627407046743,205.25012345906586,,Coconut,580.59,308
397,2023-04-08,65,8,150,18.69,304,8.09068832739298,225.32102562605633,,Coffee,583.01,308
398,2023-04-09,140,78,46,18.69,304,9.733900027310755,130.65558742602215,,ChickPea,583.01,308
399,2023-04-10,92,119,72,18.69,304,5.656182615025784,110.71827059888827,,Mango,580.59,307
400,2023-01-01,75,125,194,18.69,304,3.8955008006964817,274.9990058855495,,KidneyBeans,580.59,308
401,2023-01-02,31,110,108,18.69,304,8.845490497037394,33.26707910608406,,Papaya,583.01,308
402,2023-01-03,111,121,14,18.69,304,8.926071369375121,272.31060491236013,,Grapes,583.01,308
403,2023-01-04,28,68,89,18.69,304,6.326145708761951,255.98225514544532,,Jute,580.59,308
404,2023-01-05,61,101,61,18.69,304,4.666555604790489,157.23951377067482,,ChickPea,580.59,308
405,2023-01-06,65,131,7,18.69,304,7.563024042785401,276.15751161122154,,Watermelon,580.59,308
406,2023-01-07,40,104,112,18.62,304,6.900962864156277,112.09080670648109,,MothBeans,583.01,308
407,2023-01-08,12,142,172,18.69,304,6.197750292202614,249.23403628845503,,Coffee,583.01,308
408,2023-01-09,22,38,118,18.69,304,8.39065733234779,39.3476887245514,,Lentil,583.01,308
409,2023-01-10,29,41,130,18.69,304,5.199168855938382,228.9225380098069,,MungBean,583.01,308
410,2023-01-11,101,89,193,18.62,304,5.325076527039417,90.75950374973279,,Pomegranate,583.01,308
411,2023-01-12,90,78,185,18.62,304,7.720598502289044,132.85276183200494,,Grapes,583.01,308
412,2023-01-13,133,120,114,18.69,304,3.506612458738985,38.17419833223772,,MothBeans,583.01,308
413,2023-01-14,91,125,135,18.62,304,7.26118883618479,109.46406597407653,,Grapes,583.01,308
414,2023-01-15,17,105,17,18.69,304,5.587333670591176,75.30345848711504,,Coffee,583.01,308
415,2023-01-16,46,92,119,18.62,304,8.524994965862508,107.68880430573395,,Coconut,583.01,308
416,2023-01-17,77,92,184,18.62,304,8.715857745515688,285.33526305699826,,Apple,583.01,308
417,2023-01-18,60,103,106,18.69,304,3.8264156582247932,176.4540631428634,,Orange,583.01,308
418,2023-01-19,107,67,26,18.62,305,4.417474895876494,106.5864161351911,,Lentil,583.01,308
419,2023-01-20,29,53,90,18.62,305,8.554029720473117,89.80403271434683,,Cotton,585.45,309
420,2023-01-21,35,87,174,18.62,305,5.424900055420284,90.6307127741039,,Grapes,583.01,309
421,2023-01-22,59,100,168,18.62,305,9.030103158580719,102.80744926557858,,Pomegranate,583.01,309
422,2023-01-23,57,23,101,18.62,305,5.714144433232631,257.7896070583166,,Coffee,585.45,309
423,2023-01-24,119,104,195,18.62,305,6.4345713009942465,227.33197993453234,,Grapes,585.45,309
424,2023-01-25,74,24,85,18.62,305,7.761972482293153,135.31523989690328,,Blackgram,585.45,309
425,2023-01-26,106,21,85,18.62,305,6.430344580315756,211.0844358430989,,Apple,585.45,309
426,2023-01-27,31,106,112,18.62,305,8.731010044845984,65.48307508685672,,Mango,585.45,309
427,2023-01-28,72,37,42,18.62,305,4.958247237525744,104.94409529004335,,Jute,585.45,309
428,2023-01-29,52,9,117,18.62,305,6.516014165161198,267.5178212018744,,Banana,583.01,308
429,2023-01-30,80,24,195,18.62,304,5.312642080701361,249.86326492087463,,KidneyBeans,583.01,308
430,2023-01-31,139,89,75,18.62,304,5.778212232389805,158.49859960878734,,KidneyBeans,583.01,308
431,2023-02-01,16,49,20,18.62,304,8.623638142937127,107.80178433929389,,Banana,583.01,308
432,2023-02-02,49,125,101,18.62,304,6.300380271792697,229.4648872259929,,Lentil,583.01,308
433,2023-02-03,23,34,66,18.62,304,3.6524325860510847,178.34131383680855,,Pomegranate,583.01,308
434,2023-02-04,26,99,24,18.62,304,4.272847987383359,234.02956049221822,,PigeonPeas,583.01,308
435,2023-02-05,62,10,167,18.56,304,3.5292434749946824,100.80100423305186,,Cotton,583.01,308
436,2023-02-06,113,70,72,18.56,304,4.7252771367291135,37.33051995434006,,ChickPea,583.01,308
437,2023-02-07,6,47,150,18.56,304,8.215416800780083,133.50412809458453,,MothBeans,583.01,308
438,2023-02-08,86,131,138,18.56,304,7.339946839320445,217.76948910565108,,PigeonPeas,583.01,308
439,2023-02-09,17,135,62,18.62,304,7.908955247460568,181.6147380360977,,KidneyBeans,583.01,308
440,2023-02-10,133,111,174,18.62,304,7.237864590196526,237.54050476200138,,ChickPea,583.01,308
441,2023-02-11,103,6,118,18.62,304,7.908216625943883,87.34063443665302,,Coconut,583.01,308
442,2023-02-12,42,57,66,18.62,304,6.665144570414215,285.98128629115337,,MungBean,583.01,308
443,2023-02-13,139,37,172,18.62,304,6.196264538710384,155.60903936477123,,Jute,583.01,308
444,2023-02-14,94,40,154,18.62,304,5.627956057475547,148.76656269250486,,Watermelon,583.01,308
445,2023-02-15,36,74,105,18.56,304,9.319247524575045,218.68552882650042,,Blackgram,583.01,308
446,2023-02-16,13,33,103,18.56,304,4.474593520791528,187.16633548404312,,Rice,583.01,308
447,2023-02-17,14,18,42,18.56,304,4.736350525255349,179.46218836243224,,Jute,583.01,308
448,2023-02-18,94,114,180,18.56,304,8.97041587537855,138.13325223714753,,Coffee,583.01,308
449,2023-02-19,65,78,187,18.56,305,8.414305528332127,215.81142187972299,,KidneyBeans,583.01,308
450,2023-02-20,38,34,86,18.56,304,5.644040032289135,59.04606362246372,,Lentil,583.01,308
451,2023-02-21,133,109,132,18.56,304,5.069105717742191,80.91638678102748,,Banana,583.01,308
452,2023-02-22,75,11,82,18.56,304,3.8885061051576524,82.83007264781509,,MothBeans,583.01,308
453,2023-02-23,104,44,40,18.56,304,6.608191079858267,229.48146231374224,,Cotton,583.01,308
454,2023-02-24,95,105,204,18.56,304,9.72608551071377,48.51416438933664,,Rice,583.01,308
455,2023-02-25,109,6,142,18.56,304,5.44950725143628,161.80301480228135,,Maize,583.01,308
456,2023-02-26,131,16,99,18.56,304,6.372568111039227,94.08445689530771,,Grapes,583.01,308
457,2023-02-27,65,66,138,18.56,304,6.757286629337324,43.40787564000515,,Apple,583.01,308
458,2023-02-28,0,117,91,18.56,304,8.281702374779499,123.70391534177834,,Maize,583.01,308
459,2023-03-01,76,17,37,18.56,304,9.884053030640484,191.1340392618689,,Coconut,583.01,308
460,2023-03-02,9,94,148,18.56,304,9.061123689922235,244.40463037369483,,Jute,583.01,308
461,2023-03-03,38,111,38,18.56,304,8.608747489703225,228.93250960809755,,Grapes,583.01,308
462,2023-03-04,133,44,127,18.56,304,8.309914487541437,56.0302878959227,,Apple,583.01,308
463,2023-03-05,56,96,63,18.56,304,5.5142858095497695,171.59112533211518,,Papaya,583.01,308
464,2023-03-06,132,7,181,18.56,304,8.785952055116516,30.63235765370652,,KidneyBeans,583.01,308
465,2023-03-07,108,94,186,18.56,304,7.171242387582679,107.1128082999164,,Banana,583.01,308
466,2023-03-08,140,40,40,18.56,304,6.208991506460825,142.82440013522867,,Coconut,583.01,308
467,2023-03-09,138,17,113,18.56,305,5.720628322894507,59.90026916507527,,PigeonPeas,583.01,309
468,2023-03-10,59,13,92,18.5,305,5.409455560473963,264.0512382053901,,PigeonPeas,583.01,309
469,2023-03-11,86,113,179,18.56,305,5.839395876942746,90.89427754266951,,MungBean,585.45,309
470,2023-03-12,53,136,199,18.56,305,8.324846822996573,65.52537158408576,,Apple,585.45,309
471,2023-03-13,16,93,196,18.5,305,7.30424853615424,288.7039447009059,,Cotton,585.45,309
472,2023-03-14,76,82,165,18.5,305,4.823652714419819,74.67862414376057,,Grapes,585.45,309
473,2023-03-15,82,119,166,18.5,305,7.76446979244958,114.57873109738436,,Cotton,585.45,309
474,2023-03-16,87,38,183,18.5,305,4.619213953029264,188.19224708920498,,Cotton,585.45,309
475,2023-03-17,41,13,91,18.5,305,9.357523204065217,236.73190817600556,,Pomegranate,585.45,309
476,2023-03-18,7,135,82,18.5,305,3.593503752322214,95.24845579571263,,Muskmelon,585.45,309
477,2023-03-19,113,114,118,18.5,305,7.727608553146686,221.95316274390478,,Orange,585.45,309
478,2023-03-20,102,19,166,18.5,305,8.313468662856662,132.66812187606578,,Grapes,583.01,308
479,2023-03-21,62,113,92,18.5,305,8.848212169558543,70.72351511669433,,Orange,583.01,309
480,2023-03-22,139,18,11,18.5,304,4.492840748607176,214.59669439894012,,KidneyBeans,583.01,308
481,2023-03-23,19,6,45,18.5,305,6.960426922258449,153.21454514823967,,Jute,583.01,309
482,2023-03-24,14,6,52,18.5,305,4.005872386577894,28.19711844812585,,Mango,583.01,308
483,2023-03-25,10,136,181,18.5,304,8.404215825716914,116.5636232888485,,Banana,583.01,308
484,2023-03-26,67,130,145,18.5,302,8.030288668730876,217.7430421342472,,Coconut,578.17,306
485,2023-03-27,55,131,31,18.5,305,9.3876150753805,29.279870059639304,,MungBean,585.45,309
486,2023-03-28,8,29,23,18.5,305,4.315985369693121,22.637908050996593,,Pomegranate,585.45,309
487,2023-03-29,94,59,39,18.5,305,9.182393580664463,133.27082936540936,,Mango,585.45,309
488,2023-03-30,10,90,162,18.5,305,5.018326908765791,178.24403315758212,,KidneyBeans,585.45,309
489,2023-03-31,2,132,49,18.5,300,6.126274266519671,185.49426813659733,,Pomegranate,573.36,304
490,2023-04-01,6,80,158,18.5,304,4.153571200905839,190.74734983558176,,Maize,580.59,308
491,2023-04-02,89,17,97,18.5,302,3.742975955778606,79.16921794008677,,Apple,578.17,306
492,2023-04-03,17,48,129,18.5,304,6.056021108389494,36.30921253313615,,Orange,583.01,308
493,2023-04-04,88,37,171,18.5,304,7.052700272621253,164.71976733656646,,Mango,583.01,309
494,2023-04-05,48,44,124,18.5,304,9.72772526998109,109.4423812970981,,Rice,583.01,308
495,2023-04-06,16,89,197,18.5,306,7.003556881019809,104.8013638338197,,MungBean,587.89,310
496,2023-04-07,51,123,165,18.5,304,7.301244785362661,294.03576507018363,,MungBean,583.01,308
497,2023-04-08,80,108,53,18.5,307,9.762462495595384,240.25449464625854,,Coconut,590.34,312
498,2023-04-09,133,107,138,18.5,304,3.9794524831176927,58.86405001235174,,Lentil,583.01,308
499,2023-04-10,60,61,164,18.44,304,6.5423545237208245,267.32491116372864,,Maize,583.01,308
500,2023-01-01,7,40,10,18.44,304,4.475989368836867,33.943890673215535,,PigeonPeas,583.01,308
501,2023-01-02,37,69,128,18.44,304,4.0945985060076655,145.6474220772545,,MothBeans,583.01,308
502,2023-01-03,18,15,42,18.44,304,3.729918073347839,75.96413132767151,,Grapes,583.01,308
503,2023-01-04,5,44,200,18.5,304,7.2629683940333525,24.06479050935205,,Rice,583.01,309
504,2023-01-05,47,144,20,18.44,304,3.6488446643085464,21.769640811991625,,Coffee,583.01,308
505,2023-01-06,90,144,8,18.44,304,5.265457610546607,272.83476391685036,,Muskmelon,583.01,308
506,2023-01-07,10,34,176,18.44,304,7.903904361849759,122.46015790296404,,Cotton,583.01,308
507,2023-01-08,27,137,111,18.44,304,3.921946300535128,42.70407341655931,,Mango,583.01,308
508,2023-01-09,28,112,92,18.44,304,3.92248998605827,236.67203383981735,,Apple,583.01,308
509,2023-01-10,11,68,193,18.44,304,5.943519983944448,127.1782941854151,,MothBeans,583.01,308
510,2023-01-11,10,121,105,18.44,305,6.247498632791126,79.57621501306153,,Rice,583.01,309
511,2023-01-12,104,7,11,18.44,305,6.937157483690939,194.96907468407755,,Muskmelon,585.45,309
512,2023-01-13,52,11,131,18.44,305,7.471295446470939,246.4675648740209,,PigeonPeas,585.45,309
513,2023-01-14,41,102,169,18.44,305,6.480207826013615,110.82559858971149,,MungBean,585.45,309
514,2023-01-15,41,81,62,18.44,306,8.042855735482537,186.4100076849925,,KidneyBeans,585.45,309
515,2023-01-16,77,43,173,18.44,306,7.387684892954567,160.83828593270144,,Maize,585.45,310
516,2023-01-17,61,42,124,18.44,305,8.8935860400933,218.89944769221964,,Orange,585.45,310
517,2023-01-18,14,98,160,18.44,305,4.644642580398972,36.760883185398924,,KidneyBeans,585.45,309
518,2023-01-19,30,101,110,18.44,305,7.2372157389919325,188.2269921210791,,Rice,585.45,309
519,2023-01-20,114,118,176,18.44,305,5.805019892971539,197.14164625813243,,Grapes,585.45,309
520,2023-01-21,54,133,13,18.44,305,5.43322715775566,166.56522944592606,,Cotton,585.45,309
521,2023-01-22,31,52,75,18.44,305,9.193306019730816,91.6436162631636,,Watermelon,583.01,309
522,2023-01-23,18,89,142,18.44,305,9.164115472943958,64.37640068452109,,MothBeans,583.01,309
523,2023-01-24,100,33,7,18.44,304,4.497051533926409,259.34149259072234,,Pomegranate,583.01,308
524,2023-01-25,79,118,204,18.44,305,5.365674515289909,211.1049706488927,,Lentil,583.01,309
525,2023-01-26,129,16,72,18.44,305,6.0555219420221285,136.16272545642298,,Coconut,583.01,309
526,2023-01-27,123,132,15,18.44,305,4.227598385841387,161.45214924033715,,KidneyBeans,585.45,309
527,2023-01-28,67,29,137,18.37,305,6.630529396918989,239.46780602132006,,MothBeans,585.45,309
528,2023-01-29,0,49,153,18.44,305,8.263455057719737,231.13464045974905,,Apple,585.45,309
529,2023-01-30,78,96,37,18.44,305,8.96434300930163,298.54919622896466,,Coconut,585.45,310
530,2023-01-31,125,12,24,18.37,305,7.551725787979227,157.00066133994062,,Coconut,585.45,310
531,2023-02-01,88,83,74,18.37,305,8.290569699968506,120.39810790197835,,Mango,585.45,310
532,2023-02-02,66,63,156,18.37,305,7.869658341976545,50.66223124800841,,Jute,585.45,309
533,2023-02-03,87,100,168,18.44,305,8.547663656553414,211.97619990023932,,ChickPea,585.45,309
534,2023-02-04,34,35,43,18.44,305,9.782563590602065,119.67265959237227,,ChickPea,585.45,309
535,2023-02-05,15,73,31,18.37,305,5.81362001339758,53.20784009868082,,Watermelon,585.45,309
536,2023-02-06,51,42,9,18.37,305,4.0185408759199825,65.26624237107708,,Watermelon,585.45,309
537,2023-02-07,7,139,187,18.37,305,6.7769782971237955,214.45265885177477,,Mango,585.45,309
538,2023-02-08,79,121,118,18.37,305,9.922502969328342,185.0530301081646,,ChickPea,585.45,309
539,2023-02-09,0,80,42,18.37,305,7.814429979313101,48.98258876407323,,Coffee,585.45,309
540,2023-02-10,86,118,101,18.37,305,8.917150717763429,168.2086499020004,,MothBeans,585.45,309
541,2023-02-11,14,79,50,18.37,306,5.343070719253852,293.96206616856506,,Apple,585.45,310
542,2023-02-12,77,115,30,18.37,306,9.508415667072105,240.2983210720651,,Blackgram,585.45,310
543,2023-02-13,18,116,95,18.37,306,8.93377824001066,147.40069579092906,,Mango,585.45,310
544,2023-02-14,131,85,191,18.37,306,7.056171363195135,137.73153895229595,,KidneyBeans,587.89,310
545,2023-02-15,23,107,115,18.37,306,7.823380479126484,275.19289816574945,,Coconut,587.89,310
546,2023-02-16,130,135,23,18.37,306,9.11629006229861,131.631725826272,,Orange,585.45,309
547,2023-02-17,116,33,155,18.37,305,5.21066205139549,51.08895157336978,,Rice,585.45,309
548,2023-02-18,133,97,183,18.37,305,9.515716625946148,86.14780301996403,,MothBeans,585.45,309
549,2023-02-19,40,11,27,18.37,305,8.469478221700747,43.05884550090869,,MothBeans,585.45,309
550,2023-02-20,25,93,89,18.37,305,6.2816626660383665,259.87994810098184,,ChickPea,585.45,309
551,2023-02-21,14,94,12,18.37,305,7.699378366068972,117.31989717549529,,MothBeans,585.45,309
552,2023-02-22,66,96,87,18.37,306,6.591399561707786,121.82053713946256,,Muskmelon,587.89,310
553,2023-02-23,91,43,96,18.37,306,9.956249803657517,294.88707824122594,,PigeonPeas,587.89,310
554,2023-02-24,119,63,55,18.37,306,9.428288117450151,194.36449840473668,,Mango,587.89,310
555,2023-02-25,83,12,203,18.37,306,9.20750000325027,220.32301935204637,,Orange,587.89,310
556,2023-02-26,55,8,56,18.31,306,6.229956199661938,78.95234337067872,,Grapes,587.89,310
557,2023-02-27,18,74,89,18.37,306,8.785491848722746,23.838540229830603,,Blackgram,587.89,310
558,2023-02-28,66,10,121,18.31,306,6.190885000118094,240.85348995541986,,Apple,587.89,310
559,2023-03-01,126,13,90,18.37,306,9.398182307427101,73.43199293743163,,Mango,587.89,310
560,2023-03-02,53,57,196,18.31,306,5.159550384464607,225.12311292833746,,Banana,585.45,310
561,2023-03-03,79,136,156,18.37,305,7.4065945024431485,189.18021835029757,,Coconut,585.45,309
562,2023-03-04,92,75,26,18.31,305,8.457986257259407,152.152892809929,,ChickPea,585.45,309
563,2023-03-05,89,32,192,18.31,305,9.52310196571866,246.18045465212845,,Watermelon,585.45,309
564,2023-03-06,104,47,59,18.31,305,7.238084410789343,181.14981345829506,,Pomegranate,585.45,309
565,2023-03-07,76,88,175,18.31,305,9.29742170088887,57.08147514105285,,Coconut,585.45,309
566,2023-03-08,98,42,17,18.31,305,4.426599719270648,77.53164818957767,,Muskmelon,585.45,309
567,2023-03-09,133,132,83,18.31,305,9.347617442769254,55.54370347514774,,Pomegranate,585.45,309
568,2023-03-10,57,83,197,18.31,306,8.000701089008313,205.7805104407444,,Lentil,585.45,309
